{
  "IcoMoonType": "selection",
  "icons": [
    {
      "icon": {
        "paths": [
          "M565.376 1009.554l272.695-479.726-57.563-123.849c-88.649-149.925-88.649-149.925-235.904-392.009l510.501 505.856-489.728 489.728zM673.28 586.405l0.238-120.85 22.473 41.399-0.091 39.552-22.619 39.899zM616.978 685.55l0.805-322.816 22.473 41.399-0.658 241.499-22.619 39.918zM560.494 784.475l1.335-524.727 22.473 41.399-1.189 443.429-22.619 39.899zM504.009 883.419l2.085-726.491 22.473 41.399-1.737 645.358-22.821 39.735zM458.569 963.438l-10.715-10.715 2.578-874.277 8.43-8.43 15.141 27.867-3.675 844.782-11.758 20.773zM414.226 919.113l-22.363-22.363 3.291-763.008c6.4-6.4 12.105-13.842 21.486-21.486l-2.414 806.857zM358.437 863.323l-22.546-22.546 1.426-649.198c11.264-11.282 11.264-11.282 24.576-24.576l-3.456 696.32zM302.245 807.15l-22.363-22.363 1.28-537.070 22.656-22.656-1.573 582.089zM246.272 751.159l-22.363-22.363 1.006-424.814 22.638-22.638-1.28 469.815zM190.281 695.186l-22.546-22.546 0.878-312.375 22.638-22.638-0.969 357.559zM134.309 639.195l-22.546-22.546 0.585-200.101 22.638-22.638-0.677 245.285zM78.318 583.205l-22.546-22.546 0.293-87.826 22.638-22.638-0.384 133.010zM22.327 527.214l-10.331-10.313 10.423-10.441-0.091 20.754z"
        ],
        "attrs": [
          {}
        ],
        "width": 1061,
        "isMulticolor": false,
        "isMulticolor2": false,
        "grid": 0,
        "tags": [
          "arrow_slide_2"
        ],
        "colorPermutations": {
          "11111": [
            {}
          ]
        }
      },
      "attrs": [
        {}
      ],
      "properties": {
        "order": 11,
        "id": 2,
        "name": "arrow_slide_2",
        "prevSize": 32,
        "code": 59648
      },
      "setIdx": 0,
      "setId": 2,
      "iconIdx": 0
    },
    {
      "icon": {
        "paths": [
          "M35.090 1009.554l272.695-479.726-57.563-123.849c-88.649-149.925-88.649-149.925-235.904-392.009l510.501 505.856-489.728 489.728z"
        ],
        "attrs": [
          {}
        ],
        "width": 530,
        "isMulticolor": false,
        "isMulticolor2": false,
        "grid": 0,
        "tags": [
          "base_arrow"
        ],
        "colorPermutations": {
          "11111": [
            {}
          ]
        }
      },
      "attrs": [
        {}
      ],
      "properties": {
        "order": 9,
        "id": 1,
        "name": "base_arrow",
        "prevSize": 32,
        "code": 59662
      },
      "setIdx": 0,
      "setId": 2,
      "iconIdx": 1
    }
  ],
  "height": 1024,
  "metadata": {
    "name": "icomoon"
  },
  "preferences": {
    "showGlyphs": true,
    "showQuickUse": true,
    "showQuickUse2": true,
    "showSVGs": true,
    "fontPref": {
      "prefix": "icon-",
      "metadata": {
        "fontFamily": "icomoon"
      },
      "metrics": {
        "emSize": 1024,
        "baseline": 6.25,
        "whitespace": 50
      },
      "embed": false
    },
    "imagePref": {
      "prefix": "icon-",
      "png": true,
      "useClassSelector": true,
      "color": 0,
      "bgColor": 16777215,
      "classSelector": ".icon"
    },
    "historySize": 50,
    "showCodes": true,
    "gridSize": 16
  }
}